,EDU_NAME,PASSED_NUMBER_FULL,PASSER_UNDER_160,PASSES_OVER_220,lat,lon
0,Государственное автономное образовательное учреждение высшего образования города Москвы «Московский институт открытого образования» (средняя общеобразовательная школа № 179),109,101,80,55.800089,37.539577
1,Государственное бюджетное общеобразовательное учреждение города Москвы «Школа № 426»,87,19,3,55.624584,37.720023
2,Государственное бюджетное общеобразовательное учреждение города Москвы «Школа № 514»,58,24,8,55.6772063,37.6999704
3,Государственное бюджетное общеобразовательное учреждение города Москвы «Школа № 932»,56,24,6,55.5993074,37.5858429
4,Государственное бюджетное образовательное учреждение города Москвы средняя общеобразовательная школа № 1247 имени Юргиса Балтрушайтиса,60,20,6,55.770874,37.6874083
5,Государственное бюджетное образовательное учреждение города Москвы средняя общеобразовательная школа с углубленным изучением иностранных языков № 1240 «Мультипрофильный образовательный комплекс «Пресненский»,117,70,32,55.772701,37.577876
6,Государственное бюджетное образовательное учреждение города Москвы средняя общеобразовательная школа № 1482,71,23,10,55.867013,37.635354
7,Государственное бюджетное общеобразовательное учреждение города Москвы «Школа № 734 «Школа самоопределения»,35,24,13,55.801528,37.824209
8,Государственное бюджетное общеобразовательное учреждение города Москвы «Школа № 417»,114,25,5,55.757429,37.701095
9,Государственное бюджетное общеобразовательное учреждение города Москвы «Школа № 544»,141,52,23,55.606698,37.714874
10,Государственное казенное общеобразовательное учреждение города Москвы «Специальная (коррекционная) общеобразовательная школа-интернат № 31»,8,0,0,55.726992,37.8094298
11,Государственное бюджетное общеобразовательное учреждение города Москвы «Школа № 1471»,18,14,9,55.770899,37.413546
12,Государственное бюджетное общеобразовательное учреждение города Москвы «Школа № 9»,43,21,6,55.722263,37.579479
13,Государственное автономное общеобразовательное учреждение города Москвы «Гимназия № 1518»,82,80,70,55.803641,37.634567
14,Государственное бюджетное общеобразовательное учреждение города Москвы «Гимназия № 1636 «НИКА»,181,60,26,55.6110367,37.7281961
15,Государственное бюджетное общеобразовательное учреждение города Москвы «Школа № 712»,67,35,13,55.725556,37.455473
16,Государственное бюджетное общеобразовательное учреждение города Москвы «Школа № 686 «Класс-центр»,43,11,6,55.822016,37.524951
17,Государственное бюджетное общеобразовательное учреждение города Москвы «Школа № 1497»,62,32,7,55.75218,37.504418
18,Государственное бюджетное образовательное учреждение города Москвы средняя общеобразовательная школа с углубленным изучением иностранных языков № 1259,69,63,48,55.739592,37.639386
19,Государственное бюджетное общеобразовательное учреждение города Москвы «Школа № 141 имени Героя Советского Союза Рихарда Зорге»,83,60,27,55.778747,37.514313
20,Государственное бюджетное общеобразовательное учреждение города Москвы «Гимназия № 1577»,121,49,24,55.8513764,37.6881264
21,Государственное бюджетное профессиональное образовательное учреждение города Москвы «Колледж автоматизации и информационных технологий № 20»,117,11,0,55.790925,37.778491
22,Государственное бюджетное общеобразовательное учреждение города Москвы «Школа № 51»,61,19,4,55.644428,37.482174
23,Государственное бюджетное общеобразовательное учреждение города Москвы «Школа с углубленным изучением английского языка № 1375»,121,52,16,55.6815232,37.6567401
24,Государственное бюджетное общеобразовательное учреждение города Москвы «Гимназия № 2200»,122,71,34,55.8072867,37.806294
25,Государственное бюджетное общеобразовательное учреждение города Москвы «Школа № 285 имени В.А. Молодцова»,182,50,16,55.877627,37.6180011
26,Государственное бюджетное общеобразовательное учреждение города Москвы «Школа с углубленным изучением испанского языка № 1252 имени Сервантеса»,75,47,37,55.8046798,37.5071044
27,Государственное бюджетное общеобразовательное учреждение города Москвы «Школа с углубленным изучением иностранных языков № 1373»,47,31,8,55.781032,37.836642
28,Государственное бюджетное общеобразовательное учреждение города Москвы школа № 1959 «Дети мира»,105,40,17,55.655907,37.769667
29,Государственное бюджетное общеобразовательное учреждение города Москвы «Гимназия № 1593»,50,38,16,55.7646538,37.4145841
30,Государственное бюджетное общеобразовательное учреждение города Москвы «Школа № 1935»,56,41,21,55.680542,37.85539
31,Государственное бюджетное общеобразовательное учреждение города Москвы «Школа с углубленным изучением английского языка № 2033»,48,31,17,55.8075579,37.7885
32,Государственное бюджетное общеобразовательное учреждение города Москвы «Школа № 626 имени Н.И.Сац»,80,48,14,55.6718719,37.5897647
33,Государственное бюджетное общеобразовательное учреждение города Москвы «Школа № 853»,103,83,37,55.9850083,37.1923203
34,Государственное бюджетное общеобразовательное учреждение города Москвы «Лицей № 2010 имени Героя Советского Союза М.П. Судакова»,86,58,28,55.672599,37.764035
35,Государственное бюджетное общеобразовательное учреждение города Москвы «Школа-интернат № 17»,9,2,0,55.6672969,37.5502422
36,Государственное бюджетное общеобразовательное учреждение города Москвы «Школа с углубленным изучением английского языка № 1228»,158,75,34,55.740634,37.720341
37,Государственное бюджетное общеобразовательное учреждение города Москвы «Школа с углубленным изучением английского языка № 1944»,99,79,56,55.842304,37.349934
38,Государственное бюджетное общеобразовательное учреждение города Москвы «Школа № 1222 имени Маршала Советского Союза И.Х. Баграмяна»,147,71,25,55.732825,37.706386
39,Государственное бюджетное общеобразовательное учреждение города Москвы «Школа № 2054»,501,145,61,55.7725224,37.6259208
40,Государственное бюджетное общеобразовательное учреждение города Москвы «Гимназия № 1504»,116,77,28,55.762316,37.838512
41,Государственное бюджетное общеобразовательное учреждение города Москвы «Школа № 386»,54,17,2,55.8099033,37.7168119
42,Государственное бюджетное общеобразовательное учреждение города Москвы «Школа с углубленным изучением иностранного (английского) языка № 1207»,124,53,35,55.6054602,37.705488
43,Государственное бюджетное общеобразовательное учреждение города Москвы «Лицей № 1793 «Жулебино»,68,55,32,55.6870233,37.8451968
44,Государственное бюджетное общеобразовательное учреждение города Москвы «Школа с углубленным изучением английского языка № 1317»,47,43,28,55.6715345,37.470857
45,Государственное бюджетное общеобразовательное учреждение города Москвы «Школа № 2044»,47,15,6,55.926995,37.542642
46,Государственное бюджетное профессиональное образовательное учреждение города Москвы «Московский государственный образовательный комплекс»,289,27,7,55.828698,37.443713
47,Государственное бюджетное общеобразовательное учреждение города Москвы «Школа № 448»,44,12,2,56.003331,37.792483
48,Государственное бюджетное общеобразовательное учреждение города Москвы «Школа № 627 имени генерала Д.Д. Лелюшенко»,171,124,74,55.724555,37.635165
49,Государственное бюджетное образовательное учреждение города Москвы «Гимназия № 2072»,74,47,23,55.746338,37.7922749
50,Государственное бюджетное образовательное учреждение города Москвы средняя общеобразовательная школа № 667,101,34,8,55.577639,37.645373
51,Государственное бюджетное общеобразовательное учреждение города Москвы «Школа № 1995»,130,51,18,55.646033,37.498579
52,Государственное бюджетное общеобразовательное учреждение города Москвы «Школа № 2110 «Многопрофильный образовательный комплекс «Марьино»,151,39,8,55.653471,37.702278
53,Государственное бюджетное общеобразовательное учреждение города Москвы «Школа № 324 «Жар-птица»,79,35,16,55.672974,37.492487
54,Государственное бюджетное общеобразовательное учреждение города Москвы «Школа № 1454 «Центр образования Тимирязевский»,152,83,37,55.813345,37.568957
55,Государственное бюджетное общеобразовательное учреждение города Москвы «Школа № 538 имени С.В. Гришина»,35,25,3,55.652253,37.576942
56,Государственное бюджетное общеобразовательное учреждение города Москвы «Школа № 830»,45,26,5,55.83314,37.459256
57,Государственное бюджетное общеобразовательное учреждение города Москвы «Гимназия № 1573»,162,66,39,55.903439,37.553944
58,Государственное бюджетное общеобразовательное учреждение города Москвы «Школа с углубленным изучением английского языка № 1200»,126,51,25,55.742251,37.858776
59,Государственное бюджетное общеобразовательное учреждение города Москвы «Гимназия № 1512»,84,55,29,55.718532,37.830195
60,Государственное бюджетное общеобразовательное учреждение города Москвы «Лицей № 1367»,168,84,27,55.714722,37.7521071
61,Государственное бюджетное общеобразовательное учреждение города Москвы «Школа № 1613»,36,22,7,55.5740066,37.5867575
62,Государственное бюджетное общеобразовательное учреждение города Москвы «Школа № 1150 имени Героя Советского Союза К.К. Рокоссовского»,123,63,27,55.972956,37.152787
63,Государственное бюджетное образовательное учреждение города Москвы средняя общеобразовательная школа № 2103,78,60,20,55.605821,37.517293
64,Государственное бюджетное общеобразовательное учреждение города Москвы «Лицей № 429 «Соколиная гора»,266,90,42,55.775706,37.724916
65,Государственное бюджетное общеобразовательное учреждение города Москвы «Школа № 2113»,143,29,4,55.599467,37.617638
66,Государственное бюджетное общеобразовательное учреждение города Москвы «Гимназия № 1526»,96,47,25,55.6025143,37.6210837
67,Государственное бюджетное общеобразовательное учреждение города Москвы «Школа № 2089»,185,60,19,55.684815,37.920762
68,Государственное бюджетное общеобразовательное учреждение города Москвы «Школа № 1331 «Молодая Иверия»,25,3,2,55.748198,37.594587
69,Государственное бюджетное общеобразовательное учреждение города Москвы «Лицей № 1557»,111,88,65,55.998074,37.2317589
70,Государственное бюджетное общеобразовательное учреждение города Москвы «Школа № 878»,201,65,22,55.611257,37.7015201
71,Государственное бюджетное общеобразовательное учреждение города Москвы «Школа № 1028»,116,46,13,55.732893,37.827161
72,Государственное бюджетное общеобразовательное учреждение города Москвы «Гимназия № 1811 «Восточное Измайлово»,316,114,38,55.7939397,37.8147298
73,Государственное бюджетное общеобразовательное учреждение города Москвы «Гимназия № 1584»,112,60,42,55.745008,37.428993
74,Государственное бюджетное общеобразовательное учреждение города Москвы «Школа № 727»,55,16,3,55.846832,37.516829
75,Государственное бюджетное общеобразовательное учреждение города Москвы «Школа № 1905»,83,43,22,55.682639,37.860024
76,Государственное бюджетное общеобразовательное учреждение города Москвы «Школа с углубленным изучением отдельных предметов № 1466 имени Надежды Рушевой»,85,44,11,55.628983,37.674172
77,Государственное бюджетное общеобразовательное учреждение города Москвы «Школа № 2099»,50,26,8,55.819818,37.491039
78,Государственное бюджетное общеобразовательное учреждение города Москвы «Школа № 1912 имени Бауыржана Момышулы»,70,52,20,55.982235,37.164995
79,Государственное бюджетное образовательное учреждение города Москвы средняя общеобразовательная школа № 2093 имени А.Н. Савельева,61,24,9,55.748919,37.812647
80,Государственное бюджетное общеобразовательное учреждение города Москвы «Школа № 1716 «Эврика-Огонек»,48,16,3,55.66541,37.774515
81,Государственное бюджетное общеобразовательное учреждение города Москвы «Школа с углубленным изучением иностранного языка № 1236»,223,99,32,55.817422,37.582388
82,Государственное бюджетное общеобразовательное учреждение города Москвы «Школа № 368 «Лосиный остров» с углубленным изучением отдельных предметов»,63,25,10,55.822137,37.817844
83,Государственное бюджетное общеобразовательное учреждение города Москвы «Школа № 1103 имени Героя Российской Федерации А.В. Соломатина»,190,57,21,55.6071771,37.5420954
84,Государственное бюджетное профессиональное образовательное учреждение города Москвы «Политехнический колледж им. Н.Н. Годовикова»,93,13,3,55.8227696,37.5159718
85,Государственное бюджетное общеобразовательное учреждение города Москвы «Школа с углублённым изучением английского языка № 1285»,102,64,35,55.8337788,37.4182569
86,Государственное бюджетное образовательное учреждение города Москвы средняя общеобразовательная школа № 922,112,33,6,55.763137,37.827195
87,Государственное бюджетное образовательное учреждение среднего профессионального образования города Москвы Технический пожарно-спасательный колледж № 57 имени Героя Российской Федерации В.М. Максимчука,70,14,1,55.680338,37.608572
88,Государственное бюджетное общеобразовательное учреждение города Москвы «Школа № 979»,64,17,4,55.603,37.745742
89,Государственное бюджетное общеобразовательное учреждение города Москвы «Школа № 2092 имени И.Н.Кожедуба»,80,39,11,55.67188,37.791607
90,Государственное бюджетное общеобразовательное учреждение города Москвы «Школа № 2001»,50,32,11,55.827764,37.591987
91,Государственное бюджетное образовательное учреждение города Москвы гимназия № 1522,60,52,33,55.7728151,37.4821359
92,Государственное бюджетное общеобразовательное учреждение города Москвы «Гимназия № 1563»,62,61,46,55.807517,37.810426
93,Государственное бюджетное общеобразовательное учреждение города Москвы «Школа с углубленным изучением экономики № 1301 имени Е.Т. Гайдара»,56,40,14,55.780088,37.738363
94,Государственное бюджетное общеобразовательное учреждение города Москвы «Лицей № 1589»,44,29,9,55.778794,37.6954829
95,Государственное бюджетное образовательное учреждение города Москвы средняя общеобразовательная школа № 354 имени Д.М. Карбышева,99,72,35,55.769388,37.67793
96,Государственное бюджетное общеобразовательное учреждение города Москвы «Гимназия № 1576»,210,134,58,55.8229,37.5292851
97,Государственное бюджетное общеобразовательное учреждение города Москвы «Школа № 63»,107,44,21,55.7562,37.412769
98,Государственное бюджетное общеобразовательное учреждение города Москвы «Открытая (сменная) школа № 88»,221,107,27,55.7367124,37.6811743
99,Государственное бюджетное образовательное учреждение города Москвы гимназия № 1582,50,43,27,55.617888,37.601498
100,Государственное бюджетное общеобразовательное учреждение города Москвы «Школа «Спектр»,75,37,12,55.677488,37.720156
101,Государственное бюджетное образовательное учреждение города Москвы лицей № 1568 имени Пабло Неруды,176,121,89,55.874276,37.64166
102,Государственное бюджетное общеобразовательное учреждение города Москвы «Школа № 2045»,101,69,20,55.7348645,37.5928418
103,Государственное бюджетное образовательное учреждение города Москвы гимназия № 1476,61,35,12,55.776985,37.831177
104,Государственное бюджетное общеобразовательное учреждение города Москвы «Школа № 1078»,63,35,3,55.81915,37.8226211
105,Государственное бюджетное общеобразовательное учреждение города Москвы средняя общеобразовательная школа № 556,46,38,17,55.616776,37.585297
106,Государственное бюджетное общеобразовательное учреждение города Москвы «Школа № 283»,213,85,31,55.88919,37.670935
107,Государственное бюджетное общеобразовательное учреждение города Москвы «Лицей № 1553 имени В.И. Вернадского»,156,73,47,55.7211039,37.6490867
108,Государственное бюджетное общеобразовательное учреждение города Москвы «Школа № 2126 «Перово»,53,41,15,55.7429472,37.7591779
109,Государственное бюджетное общеобразовательное учреждение города Москвы «Школа № 1460»,58,29,15,55.691596,37.851279
110,Государственное бюджетное общеобразовательное учреждение города Москвы «Школа № 590»,64,17,9,55.740098,37.495536
112,Государственное бюджетное общеобразовательное учреждение города Москвы «Школа № 1173»,129,62,25,55.616643,37.594635
113,Государственное автономное общеобразовательное учреждение города Москвы «Гимназия № 1306»,22,16,9,55.698474,37.508885
114,Государственное бюджетное общеобразовательное учреждение города Москвы «Школа с углубленным изучением английского языка № 1374»,100,43,9,55.866378,37.698386
115,Государственное бюджетное общеобразовательное учреждение города Москвы «Лицей № 86 имени М.Е. Катукова»,82,22,4,55.80734,37.402734
116,Государственное бюджетное общеобразовательное учреждение города Москвы «Школа № 37»,38,24,11,55.7032247,37.5038665
117,Государственное бюджетное общеобразовательное учреждение города Москвы «Гимназия № 1583 имени К. А. Керимова»,157,63,31,55.8536443,37.5073033
118,Государственное бюджетное образовательное учреждение города Москвы гимназия № 1529 имени А.С.Грибоедова,221,123,88,55.7451596,37.5925622
119,Государственное бюджетное общеобразовательное учреждение города Москвы «Лицей «Вторая школа»,98,90,83,55.6979916,37.5563181
120,Государственное бюджетное общеобразовательное учреждение города Москвы «Школа № 868»,42,21,5,55.621167,37.653215
121,Государственное бюджетное общеобразовательное учреждение города Москвы «Школа с углубленным изучением английского языка № 1256 имени Героя Советского Союза И.С. Полбина»,123,55,29,55.681874,37.727836
122,Государственное бюджетное общеобразовательное учреждение города Москвы «Школа-интернат «Интеллектуал»,84,56,48,55.718031,37.464613
123,Государственное бюджетное общеобразовательное учреждение города Москвы «Школа с углубленным изучением естественных наук № 1376»,48,42,21,55.648685,37.341184
124,Государственное бюджетное общеобразовательное учреждение города Москвы «Школа с углубленным изучением экологии № 390 имени генерала П.И. Батова»,59,22,5,55.818741,37.717077
125,Государственное бюджетное общеобразовательное учреждение города Москвы «Школа с углубленным изучением английского языка № 1324»,137,70,26,55.755203,37.820525
126,Государственное бюджетное общеобразовательное учреждение города Москвы «Школа № 1400»,261,69,31,55.720874,37.4111
127,Государственное бюджетное общеобразовательное учреждение города Москвы «Школа № 218»,62,56,49,55.8120308,37.5754087
128,Государственное бюджетное общеобразовательное учреждение города Москвы «Школа № 947»,118,76,25,55.5844211,37.6734227
129,Государственное бюджетное общеобразовательное учреждение города Москвы «Гимназия № 1358»,202,120,53,55.8554937,37.3457109
130,Государственное бюджетное общеобразовательное учреждение города Москвы «Школа № 1980»,202,82,34,55.855061,37.413361
131,Государственное бюджетное общеобразовательное учреждение города Москвы «Школа № 72»,74,55,18,55.7475961,37.4983998
132,Государственное бюджетное общеобразовательное учреждение города Москвы «Школа № 183»,105,50,18,55.8737218,37.5560331
133,Государственное бюджетное общеобразовательное учреждение города Москвы «Школа № 2116 «Зябликово»,168,68,20,55.6206246,37.7545745
134,Государственное бюджетное профессиональное образовательное учреждение города Москвы «Колледж малого бизнеса № 4»,70,0,0,55.7264863,37.6378323
135,Государственное бюджетное общеобразовательное учреждение города Москвы «Школа с углубленным изучением отдельных предметов № 879»,34,23,7,55.609832,37.596122
136,Государственное бюджетное общеобразовательное учреждение города Москвы «Курчатовская школа»,206,152,87,55.7971365,37.4882785
137,Государственное бюджетное общеобразовательное учреждение города Москвы «Школа № 1130»,112,61,26,55.760112,37.403577
138,Государственное бюджетное общеобразовательное учреждение города Москвы «Школа № 933»,23,15,3,55.5819908,37.6514579
139,Государственное бюджетное общеобразовательное учреждение города Москвы «Лицей № 1580 при МГТУ имени Н.Э.Баумана»,419,400,305,55.6428836,37.6142243
140,Государственное бюджетное общеобразовательное учреждение города Москвы «Школа с углубленным изучением английского языка № 1359 имени авиаконструктора М.Л.Миля»,335,112,52,55.701701,37.844659
141,Государственное бюджетное общеобразовательное учреждение города Москвы «Школа с углубленным изучением математики № 1360»,192,65,22,55.812841,37.701953
142,Государственное бюджетное общеобразовательное учреждение города Москвы «Лицей № 1525 «Красносельский»,113,97,55,55.784343,37.669633
143,Государственное бюджетное общеобразовательное учреждение города Москвы «Школа № 38»,81,33,9,55.6967454,37.490041
144,"Государственное бюджетное общеобразовательное учреждение города Москвы «Школа с углубленным изучением математики, информатики, физики № 444»",100,65,42,55.790595,37.796454
145,Государственное бюджетное образовательное учреждение города Москвы средняя общеобразовательная школа № 74,19,3,2,55.7277672,37.5232995
146,Государственное бюджетное общеобразовательное учреждение города Москвы «Школа № 46»,68,32,15,55.657316,37.512335
147,Государственное бюджетное общеобразовательное учреждение города Москвы «Школа № 2005»,117,85,46,55.895626,37.398672
148,Государственное бюджетное образовательное учреждение среднего профессионального образования города Москвы «Колледж градостроительства и сервиса № 38»,24,4,1,55.575709,37.574227
149,Государственное бюджетное общеобразовательное учреждение города Москвы «Школа с этнокультурным татарским компонентом образования № 1186 имени Мусы Джалиля»,31,8,1,55.672012,37.767584
150,Государственное бюджетное общеобразовательное учреждение города Москвы «Школа № 152»,230,114,55,55.8092162,37.5233104
151,Государственное бюджетное общеобразовательное учреждение города Москвы «Школа № 998»,58,9,1,55.639556,37.763487
152,Государственное бюджетное общеобразовательное учреждение города Москвы «Лицей № 1598»,144,85,24,55.824591,37.829611
153,Государственное бюджетное общеобразовательное учреждение города Москвы «Школа № 1195»,134,92,38,55.717344,37.4201171
154,Государственное бюджетное образовательное учреждение города Москвы средняя общеобразовательная школа № 633,17,9,2,55.7552417,37.8205287
155,Государственное бюджетное общеобразовательное учреждение города Москвы «Образовательный центр на проспекте Вернадского»,58,56,33,55.653352,37.4831461
156,Государственное бюджетное общеобразовательное учреждение города Москвы «Лицей № 1828 «Сабурово»,44,20,9,55.639803,37.697518
157,Государственное бюджетное общеобразовательное учреждение города Москвы «Школа № 1770»,139,60,15,55.676302,37.695417
158,Государственное бюджетное общеобразовательное учреждение города Москвы «Школа с углубленным изучением английского языка № 1319»,26,26,25,55.652246,37.760098
159,Государственное бюджетное общеобразовательное учреждение города Москвы «Школа № 216»,53,10,5,55.808762,37.5603625
160,Государственное бюджетное общеобразовательное учреждение города Москвы «Школа № 1945 «Синяя птица»,53,27,7,55.5701218,37.5845016
161,Государственное бюджетное общеобразовательное учреждение города Москвы «Гимназия № 1506»,145,75,42,55.890639,37.65893
162,Государственное бюджетное общеобразовательное учреждение города Москвы «Школа № 2109»,163,70,27,55.502502,37.596572
163,Государственное бюджетное общеобразовательное учреждение города Москвы «Школа с углубленным изучением отдельных предметов № 1073»,26,14,5,55.6599483,37.6264343
164,Государственное бюджетное общеобразовательное учреждение города Москвы «Школа № 41 имени Григория Алексеевича Тарана»,109,55,17,55.61405,37.294671
165,Государственное бюджетное общеобразовательное учреждение Московская гимназия на Юго-Западе № 1543,111,83,82,55.656084,37.486154
166,Государственное бюджетное общеобразовательное учреждение города Москвы «Лицей № 1560»,190,98,42,55.780469,37.483657
167,Государственное бюджетное общеобразовательное учреждение города Москвы «Школа № 423»,65,34,11,55.758509,37.797011
168,Государственное бюджетное общеобразовательное учреждение города Москвы «Школа № 199»,112,82,44,55.6842311,37.5645367
169,Государственное бюджетное общеобразовательное учреждение города Москвы «Школа № 305»,63,31,15,55.880081,37.579376
170,Государственное бюджетное общеобразовательное учреждение города Москвы «Школа № 880»,69,28,8,55.610486,37.581148
171,Государственное бюджетное общеобразовательное учреждение города Москвы «Школа № 1161»,52,35,6,55.551721,37.568833
172,Государственное бюджетное общеобразовательное учреждение города Москвы «Школа № 1929»,93,35,12,55.635424,37.743361
173,Государственное бюджетное общеобразовательное учреждение города Москвы «Московская международная гимназия»,108,76,48,55.762277,37.786723
174,Государственное бюджетное общеобразовательное учреждение города Москвы «Пушкинский лицей № 1500»,184,94,46,55.764679,37.633744
175,Государственное бюджетное общеобразовательное учреждение города Москвы «Школа № 810»,106,22,4,55.724379,37.806427
176,Государственное бюджетное профессиональное образовательное учреждение города Москвы «Многопрофильный центр образования»,15,0,0,55.838531,37.454017
177,Государственное бюджетное общеобразовательное учреждение города Москвы «Школа с углубленным изучением математики № 1384 имени А.А. Леманского»,62,22,15,55.7983424,37.5239556
178,Государственное бюджетное общеобразовательное учреждение города Москвы «Школа Перспектива»,13,10,3,55.9456471,37.3471088
179,Государственное бюджетное общеобразовательное учреждение города Москвы «Лицей № 1158»,130,114,68,55.635165,37.596612
180,Государственное бюджетное общеобразовательное учреждение города Москвы «Школа с углубленным изучением английского языка № 1287»,183,93,49,55.796483,37.52092
181,Государственное бюджетное общеобразовательное учреждение города Москвы «Лицей № 1571»,151,117,61,55.861898,37.445207
182,Государственное бюджетное общеобразовательное учреждение города Москвы «Школа № 967»,100,33,6,55.878806,37.652787
183,Государственное бюджетное общеобразовательное учреждение города Москвы «Школа № 1877 «Люблино»,22,11,3,55.6686686,37.7464216
184,Государственное автономное профессиональное образовательное учреждение города Москвы «Колледж предпринимательства № 11»,44,10,5,55.860666,37.492078
185,Государственное бюджетное общеобразовательное учреждение города Москвы «Гимназия № 1520 имени Капцовых»,134,124,93,55.760627,37.604903
186,Государственное бюджетное общеобразовательное учреждение города Москвы «Школа № 763»,160,79,39,55.883492,37.695052
187,Государственное бюджетное общеобразовательное учреждение города Москвы «Школа № 14»,59,32,13,55.722263,37.579479
188,Государственное бюджетное общеобразовательное учреждение города Москвы «Школа № 1298»,63,56,32,55.900121,37.382388
189,Государственное бюджетное общеобразовательное учреждение города Москвы «Школа с углубленным изучением отдельных предметов № 1234»,145,121,75,55.753493,37.590114
190,Государственное бюджетное общеобразовательное учреждение города Москвы «Школа № 323»,106,33,12,55.672076,37.504851
191,Государственное бюджетное образовательное учреждение города Москвы средняя общеобразовательная школа с углубленным изучением английского языка № 1356,32,26,12,55.567351,37.58157
192,Государственное бюджетное общеобразовательное учреждение города Москвы «Школа № 1989 «Центр образования»,53,24,8,55.6637054,37.7763934
193,Государственное бюджетное общеобразовательное учреждение города Москвы «Гимназия № 201 ордена Трудового Красного Знамени имени Героев Советского Союза Зои и Александра Космодемьянских»,95,48,29,55.821329,37.504672
194,Государственное бюджетное общеобразовательное учреждение города Москвы «Школа с углубленным изучением английского языка № 1416 «Лианозово»,179,53,24,55.895477,37.57786
195,Государственное бюджетное общеобразовательное учреждение города Москвы «Школа с углубленным изучением иностранных языков № 1399»,70,47,23,55.858726,37.410003
196,Государственное бюджетное общеобразовательное учреждение города Москвы «Школа № 2026»,84,60,26,55.717365,37.8836609
197,Государственное бюджетное общеобразовательное учреждение города Москвы «Школа № 956»,97,40,20,55.867648,37.642153
198,Государственное бюджетное общеобразовательное учреждение города Москвы «Гимназия № 1541»,57,42,28,55.672938,37.504281
199,Государственное бюджетное образовательное учреждение города Москвы гимназия № 1514,88,85,80,55.685069,37.526832
200,Государственное бюджетное общеобразовательное учреждение города Москвы «Немецкая школа № 1212»,34,31,14,55.8013232,37.4910808
201,Государственное бюджетное общеобразовательное учреждение города Москвы «Школа № 2031»,105,37,14,55.7101287,37.8909217
202,Государственное бюджетное общеобразовательное учреждение города Москвы «Лицей № 1564 имени Героя Советского Союза А.П. Белобородова»,151,81,35,55.829372,37.3581934
203,Государственное бюджетное общеобразовательное учреждение города Москвы «Лицей № 1547»,237,128,80,55.662287,37.776584
204,Государственное бюджетное общеобразовательное учреждение города Москвы «Школа № 2017»,64,21,2,55.689186,37.849831
205,Государственное бюджетное общеобразовательное учреждение города Москвы «Школа № 1450 «Олимп»,133,62,19,55.658647,37.6117739
206,Государственное бюджетное общеобразовательное учреждение города Москвы «Гимназия № 1569 «Созвездие»,270,101,40,55.619526,37.736062
207,Государственное бюджетное общеобразовательное учреждение города Москвы «Школа № 536»,112,38,13,55.6443975,37.5968392
208,Государственное бюджетное профессиональное образовательное учреждение города Москвы «Воробьевы горы»,133,71,32,55.7096958,37.5461654
209,Государственное бюджетное общеобразовательное учреждение города Москвы «Школа № 121»,101,69,22,55.6698586,37.5491587
210,Государственное бюджетное общеобразовательное учреждение города Москвы «Школа № 109»,98,76,48,55.6408909,37.475479
211,Государственное бюджетное общеобразовательное учреждение города Москвы «Школа № 167 имени Маршала Л.А. Говорова»,145,81,36,55.9330854,37.5476495
212,Государственное бюджетное образовательное учреждение города Москвы гимназия № 1534,183,156,96,55.685127,37.574267
213,Государственное бюджетное общеобразовательное учреждение города Москвы «Школа № 2053»,43,18,2,55.705788,37.919024
214,Государственное бюджетное общеобразовательное учреждение города Москвы «Школа № 1394 «Воспитательно-образовательный центр «На набережной»,73,29,12,55.648582,37.7321389
215,Государственное бюджетное общеобразовательное учреждение города Москвы «Школа с углубленным изучением иностранного языка № 1293»,125,107,58,55.7429817,37.4105797
216,Государственное бюджетное общеобразовательное учреждение города Москвы «Школа с углубленным изучением иностранных языков № 1242»,72,30,15,55.5835468,37.6431871
217,Государственное бюджетное общеобразовательное учреждение города Москвы «Школа № 856»,39,19,7,55.636617,37.608145
218,Государственное бюджетное общеобразовательное учреждение города Москвы «Школа лицей № 1420»,216,79,32,55.700926,37.814983
219,Государственное бюджетное общеобразовательное учреждение города Москвы «Центр образования «Технологии обучения»,46,13,3,55.8001265,37.5416784
220,Государственное бюджетное образовательное учреждение города Москвы средняя общеобразовательная школа № 1985,101,47,19,55.8870473,37.3920644
221,Государственное бюджетное образовательное учреждение города Москвы гимназия № 1925,26,17,11,55.7355194,37.8526882
222,Государственное бюджетное общеобразовательное учреждение города Москвы «Школа № 709»,78,52,18,55.935269,37.552569
223,Государственное бюджетное общеобразовательное учреждение города Москвы «Школа № 374»,30,4,1,55.8164032,37.6970933
224,Государственное бюджетное общеобразовательное учреждение города Москвы «Школа № 2030»,92,84,53,55.7600555,37.5557753
226,Государственное бюджетное общеобразовательное учреждение города Москвы «Школа № 2123 имени Мигеля Эрнандеса»,186,74,33,55.756786,37.590335
227,Государственное бюджетное общеобразовательное учреждение города Москвы «Школа № 2104 на Таганке»,159,133,72,55.743587,37.646184
228,Государственное бюджетное общеобразовательное учреждение города Москвы «Гимназия № 1554»,185,135,56,55.86557,37.619516
229,Государственное бюджетное общеобразовательное учреждение города Москвы «Центр образования № 1296»,101,61,31,55.877767,37.562767
230,Государственное бюджетное общеобразовательное учреждение города Москвы «Школа № 902 «Диалог»,128,71,21,55.591508,37.670257
231,Государственное бюджетное общеобразовательное учреждение города Москвы «Школа № 315»,98,74,46,55.783267,37.67409
232,Государственное бюджетное общеобразовательное учреждение города Москвы «Школа № 1321 «Ковчег»,54,10,3,55.74465,37.719319
233,Государственное бюджетное общеобразовательное учреждение города Москвы «Школа № 1739»,107,47,29,55.981125,37.153708
234,Государственное бюджетное общеобразовательное учреждение города Москвы «Школа № 657»,102,31,3,55.605627,37.619934
235,Государственное бюджетное общеобразовательное учреждение города Москвы «Школа № 192»,123,97,49,55.704737,37.577899
236,Государственное бюджетное общеобразовательное учреждение города Москвы «Школа № 1440»,76,46,30,55.75753,37.412653
237,Государственное бюджетное общеобразовательное учреждение города Москвы «Государственная столичная гимназия»,166,90,48,55.895727,37.616355
238,Государственное бюджетное общеобразовательное учреждение города Москвы «Лицей № 1533 (информационных технологий)»,127,121,98,55.692324,37.543567
239,Государственное бюджетное общеобразовательное учреждение города Москвы «Школа № 1212»,116,85,39,55.5982,37.516419
240,Государственное бюджетное общеобразовательное учреждение города Москвы «Школа № 1155»,25,14,0,55.7970646,37.4007521
241,Государственное бюджетное общеобразовательное учреждение города Москвы «Школа № 1000»,88,26,4,55.657793,37.39071
242,Государственное бюджетное образовательное учреждение города Москвы средняя общеобразовательная школа с углубленным изучением физики и математики № 2007,60,60,52,55.544756,37.532777
243,Государственное бюджетное общеобразовательное учреждение города Москвы «Школа № 760 имени А.П. Маресьева»,120,38,11,55.8779064,37.7146912
244,Государственное бюджетное общеобразовательное учреждение города Москвы «Школа № 1883 «Бутово»,204,83,30,55.5503121,37.5504585
245,Государственное бюджетное общеобразовательное учреждение города Москвы «Школа № 1874»,88,59,19,55.8033568,37.4634942
246,Государственное бюджетное общеобразовательное учреждение города Москвы «Школа № 939»,75,13,1,55.613547,37.723991
247,Государственное бюджетное образовательное учреждение города Москвы кадетская школа-интернат № 7 «Московский казачий кадетский корпус» имени М.А. Шолохова,55,31,3,55.696752,37.758385
248,Государственное бюджетное общеобразовательное учреждение города Москвы «Школа № 1492»,71,51,26,55.539842,37.506076
249,Государственное бюджетное общеобразовательное учреждение города Москвы «Школа № 1253 с углубленным изучением иностранного языка»,160,143,111,55.7348645,37.5928418
250,Государственное бюджетное общеобразовательное учреждение города Москвы «Школа № 492»,53,41,14,55.680841,37.687593
251,Государственное бюджетное общеобразовательное учреждение города Москвы «Лицей № 1795 «Лосиноостровский»,101,33,6,55.827141,37.752998
252,Государственное бюджетное общеобразовательное учреждение города Москвы «Многопрофильный лицей № 1799»,458,270,170,55.722532,37.608053
253,Государственное бюджетное общеобразовательное учреждение города Москвы «Школа № 534»,140,47,15,55.628394,37.746389
254,Государственное бюджетное образовательное учреждение города Москвы средняя общеобразовательная школа № 771,81,60,15,55.8826954,37.5343871
255,Государственное бюджетное общеобразовательное учреждение города Москвы «Школа № 494 имени Героя Российской Федерации А.Н. Рожкова»,57,38,8,55.721568,37.661912
256,Государственное бюджетное общеобразовательное учреждение города Москвы «Гимназия № 1552»,120,57,27,55.619613,37.746641
257,Государственное бюджетное общеобразовательное учреждение города Москвы «Школа № 1015»,122,32,9,55.7348645,37.5928418
258,Государственное бюджетное общеобразовательное учреждение города Москвы «Лицей № 1535»,277,262,248,55.726032,37.564961
259,Государственное бюджетное общеобразовательное учреждение города Москвы «Школа № 222»,52,30,8,55.8859397,37.5606679
261,Государственное бюджетное общеобразовательное учреждение города Москвы «Школа № 825»,79,53,13,55.7095449,37.7571077
262,Государственное бюджетное общеобразовательное учреждение города Москвы «Школа № 384 имени Д.К. Корнеева»,67,20,5,55.708936,37.397676
263,Государственное бюджетное профессиональное образовательное учреждение города Москвы «Московский колледж архитектуры и градостроительства»,69,1,0,55.757384,37.759956
264,Государственное бюджетное общеобразовательное учреждение города Москвы «Кадетская школа-интернат № 9 «Московский пансион государственных воспитанниц»,107,38,11,55.696001,37.751305
265,Государственное бюджетное образовательное учреждение города Москвы средняя общеобразовательная школа № 809,30,18,7,55.717243,37.405082
266,Государственное бюджетное общеобразовательное учреждение города Москвы «Школа № 773 «Центр образования «Печатники»,100,36,9,55.688096,37.729433
267,Государственное бюджетное общеобразовательное учреждение города Москвы «Школа № 2114»,181,107,43,55.5692768,37.5725931
268,Государственное бюджетное образовательное учреждение города Москвы центр образования № 1483,19,13,5,55.79013,37.792619
269,"Государственное бюджетное профессиональное образовательное учреждение города Москвы «Колледж градостроительства, транспорта и технологий № 41»",56,20,4,55.7361144,37.3995048
270,Государственное бюджетное общеобразовательное учреждение города Москвы «Школа № 1022»,17,11,3,55.6631274,37.5318021
271,Государственное бюджетное общеобразовательное учреждение города Москвы «Школа с углубленным изучением английского языка № 1284»,135,66,51,55.7676023,37.638305
272,Государственное бюджетное общеобразовательное учреждение города Москвы «Многопрофильная школа № 1955»,248,89,41,55.884863,37.683164
273,Государственное бюджетное общеобразовательное учреждение города Москвы «Школа № 56 имени академика В.А. Легасова»,56,35,11,55.746146,37.548581
274,Государственное бюджетное общеобразовательное учреждение города Москвы «Гимназия № 1532»,149,90,39,55.6212175,37.484783
275,Государственное бюджетное общеобразовательное учреждение города Москвы «Школа с углубленным изучением английского языка № 1297»,65,34,19,55.781936,37.643123
276,Государственное бюджетное общеобразовательное учреждение города Москвы «Школа № 842»,107,37,8,56.005949,37.211753
277,Государственное бюджетное общеобразовательное учреждение города Москвы «Школа № 953»,218,93,29,55.896244,37.5889106
278,Государственное бюджетное общеобразовательное учреждение города Москвы «Школа № 1055»,25,15,4,55.6842057,37.6812803
279,Государственное бюджетное общеобразовательное учреждение города Москвы «Школа № 1065»,10,4,2,55.544839,37.553916
280,Государственное бюджетное общеобразовательное учреждение города Москвы «Школа с углубленным изучением английского языка № 1270»,78,48,32,55.743844,37.664823
281,Государственное бюджетное общеобразовательное учреждение города Москвы «Школа № 1947»,76,24,9,55.782202,37.732255
282,Государственное бюджетное общеобразовательное учреждение города Москвы «Школа с углубленным изучением английского языка № 1280»,33,27,11,55.675172,37.578675
283,Государственное казенное общеобразовательное учреждение города Москвы «Специальная (коррекционная) общеобразовательная школа-интернат № 2»,5,4,0,55.809968,37.5353
284,Государственное бюджетное общеобразовательное учреждение города Москвы «Школа № 1357 «Многопрофильный комплекс «Братиславский»,347,165,66,55.65073,37.7619619
285,Государственное бюджетное общеобразовательное учреждение города Москвы «Школа с этнокультурным русским компонентом образования № 1148 имени Ф.М.Достоевского»,29,17,5,55.6865401,37.7512591
286,Государственное бюджетное общеобразовательное учреждение города Москвы «Школа № 1423»,78,39,9,55.663727,37.767473
287,Государственное бюджетное общеобразовательное учреждение города Москвы «Гимназия № 1507»,90,70,40,55.630381,37.507013
288,Государственное бюджетное общеобразовательное учреждение города Москвы «Школа № 399»,95,13,1,55.8033316,37.7677484
289,Государственное бюджетное общеобразовательное учреждение города Москвы «Школа № 1623»,88,20,6,55.689454,37.4960892
290,Государственное бюджетное общеобразовательное учреждение города Москвы «Школа № 1987 многопрофильный образовательный комплекс»,89,45,15,55.874388,37.5192281
291,Государственное бюджетное общеобразовательное учреждение города Москвы «Школа № 935»,51,25,6,55.5813134,37.6883567
292,Государственное бюджетное общеобразовательное учреждение города Москвы «Школа с углубленным изучением французского языка № 1095»,168,70,31,55.872634,37.6707381
293,Государственное бюджетное общеобразовательное учреждение города Москвы «Школа № 996»,55,12,3,55.633462,37.744072
294,Государственное бюджетное общеобразовательное учреждение города Москвы «Школа с углубленным изучением отдельных предметов № 415»,97,40,13,55.757362,37.689672
295,Государственное бюджетное общеобразовательное учреждение города Москвы «Школа с углубленным изучением французского языка № 1265»,27,26,15,55.6990711,37.5582243
296,Государственное бюджетное общеобразовательное учреждение города Москвы «Школа № 117»,139,116,60,55.6694185,37.5341549
297,Государственное бюджетное общеобразовательное учреждение города Москвы «Гимназия № 1596»,117,34,12,55.641376,37.37134
298,Государственное бюджетное общеобразовательное учреждение города Москвы «Школа с углубленным изучением предметов художественно-эстетического цикла средствами театрального искусства № 123»,44,17,6,55.7579159,37.6022815
299,Государственное бюджетное общеобразовательное учреждение города Москвы «Школа № 2115»,69,20,8,55.666488,37.568867
300,Государственное бюджетное общеобразовательное учреждение города Москвы «Школа с углубленным изучением английского языка № 1208 имени Героя Советского Союза М.С. Шумилова»,79,63,43,55.707853,37.771158
301,Государственное бюджетное образовательное учреждение города Москвы гимназия № 1409,112,66,40,55.784339,37.531632
302,Государственное казенное общеобразовательное учреждение города Москвы «Специальная (коррекционная) общеобразовательная школа-интернат № 30 имени К.А. Микаэльяна»,6,0,0,55.800131,37.693495
303,Государственное бюджетное общеобразовательное учреждение города Москвы «Школа № 1349»,57,11,4,55.809448,37.735219
304,Государственное бюджетное общеобразовательное учреждение города Москвы «Гимназия № 1517»,225,169,80,55.7850523,37.4532314
305,Государственное бюджетное общеобразовательное учреждение города Москвы «Гимназия № 45 имени Л.И. Мильграма»,218,120,66,55.685941,37.586433
306,Государственное бюджетное общеобразовательное учреждение города Москвы «Школа № 345 имени А.С. Пушкина»,67,59,31,55.770772,37.6778972
307,Государственное бюджетное общеобразовательное учреждение города Москвы «Школа № 949»,116,46,15,55.6091125,37.7533911
308,Государственное бюджетное общеобразовательное учреждение города Москвы «Школа № 1467»,97,27,12,55.639169,37.34715
309,Государственное бюджетное образовательное учреждение города Москвы гимназия № 402 им. Алии Молдагуловой,75,38,14,55.724477,37.834493
310,Государственное автономное профессиональное образовательное учреждение города Москвы «Политехнический колледж № 8 имени дважды Героя Советского Союза И.Ф. Павлова»,3,0,0,55.783532,37.555926
311,Государственное бюджетное профессиональное образовательное учреждение города Москвы «Западный комплекс непрерывного образования»,131,37,7,55.7247734,37.4220676
312,Государственное бюджетное общеобразовательное учреждение города Москвы «Школа № 719»,71,32,9,55.984321,37.186124
313,Государственное бюджетное общеобразовательное учреждение города Москвы «Школа № 1429 имени Героя Советского Союза Н.А. Боброва»,14,8,2,55.7786181,37.686607
314,Государственное бюджетное общеобразовательное учреждение города Москвы «Школа № 1056»,67,40,6,55.848288,37.444004
315,Государственное бюджетное общеобразовательное учреждение города Москвы «Гимназия № 1272»,56,35,23,55.708102,37.663892
316,Государственное бюджетное общеобразовательное учреждение города Москвы «Школа с углубленным изучением английского языка № 1381»,169,55,12,55.873264,37.691436
317,Государственное бюджетное общеобразовательное учреждение города Москвы «Школа № 1494»,161,96,29,55.827764,37.591987
318,Государственное бюджетное общеобразовательное учреждение города Москвы «Школа № 1143»,61,32,11,55.678652,37.742612
319,Государственное бюджетное образовательное учреждение города Москвы средняя общеобразовательная школа с углубленным изучением восточных языков № 2042 имени Лазаревых,40,23,7,55.656489,37.58856
320,Государственное бюджетное общеобразовательное учреждение города Москвы «Школа № 1133»,71,34,13,55.749203,37.421396
321,Государственное бюджетное общеобразовательное учреждение города Москвы «Школа № 1151»,72,55,20,55.986405,37.155003
322,Государственное бюджетное общеобразовательное учреждение города Москвы «Школа с углубленным изучением иностранных языков № 1387»,48,35,15,55.9040462,37.3829234
323,Государственное бюджетное общеобразовательное учреждение города Москвы «Школа № 883»,57,39,9,55.860433,37.431426
324,Государственное бюджетное общеобразовательное учреждение города Москвы «Гимназия № 1544»,99,62,27,55.836154,37.359561
325,Государственное бюджетное общеобразовательное учреждение города Москвы «Школа № 1741»,80,46,14,55.665964,37.455398
326,Государственное бюджетное общеобразовательное учреждение города Москвы «Школа с углубленным изучением отдельных предметов № 1248»,79,64,38,55.725313,37.473693
327,Государственное бюджетное общеобразовательное учреждение города Москвы «Школа № 460 имени дважды Героя Советского Союза А.А. Головачёва»,77,64,20,55.672498,37.769705
328,Государственное бюджетное общеобразовательное учреждение города Москвы «Школа № 1021»,50,18,3,55.8199747,37.8635098
329,Государственное бюджетное общеобразовательное учреждение города Москвы «Школа № 498»,102,81,34,55.737836,37.6520896
330,Государственное бюджетное общеобразовательное учреждение города Москвы «Школа № 17»,198,128,59,55.636467,37.532365
331,Государственное бюджетное общеобразовательное учреждение города Москвы «Школа № 1948 «Лингвист-М»,112,46,23,55.6638982,37.5841588
332,Государственное бюджетное общеобразовательное учреждение города Москвы «Школа с углубленным изучением иностранного языка № 1231 имени В.Д. Поленова»,226,125,59,55.7498554,37.5891021
333,Государственное бюджетное общеобразовательное учреждение города Москвы «Школа № 950»,93,47,11,55.8606214,37.6089532
334,Государственное бюджетное общеобразовательное учреждение города Москвы «Гимназия № 1562 имени Артема Боровика»,89,80,52,55.665662,37.751077
335,Государственное бюджетное общеобразовательное учреждение города Москвы «Лицей № 138»,165,63,18,55.780791,37.467025
336,Государственное бюджетное общеобразовательное учреждение города Москвы «Гимназия № 1404 «Гамма»,118,39,13,55.8038544,37.6882017
337,Государственное бюджетное общеобразовательное учреждение города Москвы «Школа № 2101 «Филёвский образовательный центр»,104,77,23,55.735069,37.480135
338,Государственное бюджетное образовательное учреждение города Москвы средняя общеобразовательная школа № 1621 «Школа лидерства Лаудер Эц Хайм»,12,5,3,55.764983,37.649212
339,Государственное бюджетное общеобразовательное учреждение города Москвы «Школа № 2098 «Многопрофильный образовательный центр» имени Героя Советского Союза Л.М. Доватора»,237,93,34,55.874388,37.5192281
340,Государственное бюджетное общеобразовательное учреждение города Москвы «Школа № 90 «Многопрофильный образовательный комплекс» имени Героя Советского Союза Е.Г. Ларикова»,286,64,24,55.794228,37.516269
341,Государственное бюджетное образовательное учреждение среднего профессионального образования города Москвы киноколледж № 40 «Московская международная киношкола»,72,4,1,55.7152718,37.6068841
342,Государственное бюджетное общеобразовательное учреждение города Москвы «Лицей № 507»,133,61,31,55.665576,37.653596
343,Государственное бюджетное общеобразовательное учреждение города Москвы «Школа № 439 «Инженерный лицей «Интеллект»,47,14,5,55.7300588,37.7312499
344,Государственное бюджетное общеобразовательное учреждение города Москвы «Школа № 843»,193,72,25,55.670923,37.45834
345,Государственное бюджетное образовательное учреждение города Москвы средняя общеобразовательная школа с углубленным изучением иностранных языков № 1302,85,40,26,55.806927,37.418958
346,Государственное бюджетное общеобразовательное учреждение города Москвы «Школа № 2111 «Новая волна»,94,15,3,55.699406,37.791032
347,Государственное бюджетное общеобразовательное учреждение города Москвы «Школа № 319»,160,44,13,55.813322,37.7845228
348,Государственное бюджетное общеобразовательное учреждение города Москвы «Школа № 1100»,56,40,25,55.6631274,37.5318021
349,Государственное бюджетное общеобразовательное учреждение города Москвы «Школа № 630 «Лингвистический центр»,212,57,17,55.696739,37.618849
350,Государственное бюджетное общеобразовательное учреждение города Москвы «Школа № 867»,79,59,16,55.6371582,37.7557085
351,Государственное бюджетное общеобразовательное учреждение города Москвы «Гимназия № 1570»,80,32,12,55.789295,37.576881
352,Государственное бюджетное общеобразовательное учреждение города Москвы «Гимназия № 491 «Марьино»,145,44,12,55.649104,37.7225449
353,Государственное бюджетное общеобразовательное учреждение города Москвы «Шуваловская гимназия № 1448»,123,49,30,55.7024908,37.5126387
354,Государственное бюджетное общеобразовательное учреждение города Москвы «Лицей № 1581»,138,131,72,55.7526197,37.6629862
355,Государственное бюджетное общеобразовательное учреждение города Москвы средняя общеобразовательная школа № 892,53,19,2,55.740836,37.832818
356,Государственное бюджетное общеобразовательное учреждение города Москвы «Школа № 587»,25,16,3,55.7215603,37.4287559
357,Государственное бюджетное общеобразовательное учреждение города Москвы «Кадетская школа-интернат № 6 «Московский Георгиевский кадетский корпус»,67,28,3,55.832346,37.583433
358,Государственное бюджетное общеобразовательное учреждение города Москвы «Школа № 641 имени Сергея Есенина»,147,102,50,55.704507,37.756792
359,Государственное бюджетное общеобразовательное учреждение города Москвы «Школа № 1474»,259,143,61,55.8756976,37.4917514
360,Государственное бюджетное общеобразовательное учреждение города Москвы «Школа № 1747»,180,66,27,55.846533,37.352205
361,Государственное бюджетное профессиональное образовательное учреждение города Москвы «Образовательный комплекс дизайна и технологий»,44,17,3,55.722505,37.562835
362,Государственное бюджетное общеобразовательное учреждение города Москвы «Гимназия № 1592»,70,47,17,55.877021,37.550688
363,Государственное бюджетное профессиональное образовательное учреждение города Москвы «Первый Московский Образовательный Комплекс»,227,69,14,55.874447,37.672187
364,Государственное бюджетное общеобразовательное учреждение города Москвы «Гимназия № 1539»,205,84,39,55.813881,37.644528
365,Государственное бюджетное общеобразовательное учреждение города Москвы «Школа № 547»,68,28,6,55.7089434,37.6196511
366,Государственное бюджетное общеобразовательное учреждение города Москвы «Школа № 717»,60,35,14,55.817485,37.504882
367,Государственное бюджетное общеобразовательное учреждение города Москвы «Школа № 1329»,201,129,85,55.669043,37.464881
368,Государственное бюджетное общеобразовательное учреждение города Москвы «Школа с углубленным изучением отдельных предметов № 1421»,43,29,11,55.71369,37.7531139
369,Государственное бюджетное общеобразовательное учреждение города Москвы «Школа № 2006»,87,72,51,55.7348645,37.5928418
370,Государственное бюджетное общеобразовательное учреждение города Москвы «Школа № 91»,53,26,9,55.754074,37.597036
371,Государственное бюджетное общеобразовательное учреждение города Москвы «Школа № 19»,29,21,8,55.855061,37.413361
372,Государственное бюджетное общеобразовательное учреждение города Москвы «Школа № 1498 «Московская Международная Школа»,113,64,39,55.6945841,37.5068441
373,Государственное бюджетное общеобразовательное учреждение города Москвы «Гимназия № 1637»,131,34,14,55.759511,37.783654
374,Государственное бюджетное общеобразовательное учреждение города Москвы «Школа № 1125 имени Я.Н. Федоренко»,58,8,3,55.8832098,37.4917406
375,Государственное бюджетное общеобразовательное учреждение города Москвы «Школа № 508»,56,39,16,55.600088,37.655711
376,Государственное бюджетное общеобразовательное учреждение города Москвы «Школа № 924»,104,35,9,55.5919532,37.6067776
377,Государственное бюджетное общеобразовательное учреждение города Москвы «Школа № 1631»,66,48,12,55.855061,37.413361
378,Государственное бюджетное общеобразовательное учреждение города Москвы «Школа № 1002»,98,53,16,55.652931,37.402188
379,Государственное бюджетное общеобразовательное учреждение города Москвы «Школа с углубленным изучением иностранных языков № 1205»,102,59,31,55.676856,37.554277
380,Государственное бюджетное общеобразовательное учреждение города Москвы «Школа с углубленным изучением отдельных предметов № 982 имени маршала бронетанковых войск П.П. Полубоярова»,49,35,16,55.6402518,37.6716518
381,Государственное бюджетное общеобразовательное учреждение города Москвы «Школа № 2121 «Образовательный комплекс имени Маршала Советского Союза С.К. Куркоткина»,178,59,13,55.679262,37.7520602
382,Государственное бюджетное общеобразовательное учреждение города Москвы «Школа с углубленным изучением отдельных предметов № 1794»,165,78,22,55.8693822,37.5656201
383,Государственное бюджетное общеобразовательное учреждение города Москвы «Школа с углубленным изучением английского языка № 1213»,50,20,8,55.844283,37.56545
384,Государственное бюджетное общеобразовательное учреждение города Москвы «Лицейско-гимназический комплекс на Юго-Востоке»,349,146,88,55.713055,37.7710221
385,Государственное бюджетное общеобразовательное учреждение города Москвы «Школа № 870»,33,26,6,55.624283,37.663461
386,Государственное бюджетное общеобразовательное учреждение города Москвы «Школа № 1191»,174,79,20,55.8511113,37.3574984
387,Государственное бюджетное общеобразовательное учреждение города Москвы «Центр образования № 1311 «Тхия»,39,26,13,55.6718733,37.5232029
388,Государственное бюджетное общеобразовательное учреждение города Москвы «Школа № 438»,56,23,8,55.616244,37.724327
389,Государственное бюджетное общеобразовательное учреждение города Москвы «Школа № 479 имени дважды Героя Советского Союза Маршала В.И. Чуйкова»,44,26,8,55.697164,37.772846
390,Государственное бюджетное профессиональное образовательное учреждение города Москвы «Образовательный комплекс сферы услуг»,33,22,6,55.7326961,37.4814327
391,Государственное бюджетное общеобразовательное учреждение города Москвы «Центр образования № 1953 «Москва-98»,52,44,14,55.6845427,37.4935366
392,Государственное бюджетное профессиональное образовательное учреждение города Москвы «Колледж полиции»,46,14,0,55.843815,37.440361
393,Государственное бюджетное общеобразовательное учреждение города Москвы «Школа № 1432»,27,18,5,55.642284,37.341116
394,Государственное бюджетное общеобразовательное учреждение города Москвы «Гимназия Марьина Роща имени В.Ф. Орлова»,183,121,56,55.795914,37.612153
395,Государственное бюджетное общеобразовательное учреждение города Москвы «Школа № 89 имени А.П. Маресьева»,69,24,6,55.810446,37.3946875
396,Государственное бюджетное общеобразовательное учреждение города Москвы «Гимназия № 1567»,110,98,82,55.741396,37.523388
397,Государственное бюджетное общеобразовательное учреждение города Москвы «Школа № 236 имени Героя Советского Союза Г. И. Щедрина»,117,54,20,55.8888226,37.5230508
398,Государственное бюджетное общеобразовательное учреждение города Москвы «Школа с углубленным изучением отдельных предметов № 1239»,73,51,33,55.760582,37.588176
399,Государственное казенное общеобразовательное учреждение города Москвы «Кадетская школа-интернат № 11 «Московский дипломатический кадетский корпус»,20,16,3,55.7415707,37.4086429
400,Государственное бюджетное общеобразовательное учреждение города Москвы «Школа № 1908»,20,13,10,55.689186,37.849831
401,Государственное бюджетное профессиональное образовательное учреждение города Москвы «Образовательный комплекс «Юго-Запад»,39,18,5,55.6855938,37.5772162
402,Государственное бюджетное общеобразовательное учреждение города Москвы «Школа № 1566 «Марьинская гимназия с кадетскими классами памяти Героев Сталинградской битвы»,151,92,33,55.651199,37.754575
403,Государственное бюджетное общеобразовательное учреждение города Москвы «Лицей № 504»,59,34,5,55.5998966,37.5916775
404,Государственное бюджетное общеобразовательное учреждение города Москвы «Школа № 1223 «Лингвистический центр»,96,71,45,55.838532,37.527016
405,Государственное казенное общеобразовательное учреждение города Москвы «Кадетская школа-интернат «Навигацкая школа»,46,6,0,55.73117,37.4561048
406,Государственное бюджетное общеобразовательное учреждение города Москвы «Школа № 1005 «Алые паруса»,44,12,2,55.808461,37.452771
407,Государственное бюджетное общеобразовательное учреждение города Москвы «Школа № 618»,98,69,23,55.6631274,37.5318021
408,Государственное бюджетное образовательное учреждение города Москвы лицей № 1524,137,119,72,55.69296,37.72064
409,Государственное бюджетное общеобразовательное учреждение города Москвы «Школа № 937 имени Героя Российской Федерации А.В. Перова»,85,28,14,55.6192896,37.7014077
410,Государственное бюджетное общеобразовательное учреждение города Москвы «Гимназия № 1531 «Лингвистическая» имени С. К. Годовикова»,69,59,46,55.803723,37.6328699
411,Государственное бюджетное общеобразовательное учреждение города Москвы «Школа № 484 имени дважды Героя Советского Союза В.И.Попкова»,44,13,5,55.706177,37.742263
412,Государственное бюджетное общеобразовательное учреждение города Москвы «Школа с углубленным изучением французского языка № 1286»,190,86,33,55.857126,37.426874
413,Государственное бюджетное общеобразовательное учреждение города Москвы «Центр образования № 1601 имени Героя Советского Союза Е.К. Лютикова»,157,65,27,55.7982688,37.5596542
414,Государственное бюджетное общеобразовательное учреждение города Москвы «Школа № 799»,100,72,22,55.768727,37.825753
415,Государственное бюджетное общеобразовательное учреждение города Москвы «Школа № 629»,107,54,11,55.5876788,37.5948033
416,Государственное бюджетное общеобразовательное учреждение города Москвы «Школа № 2097»,156,100,53,55.8468637,37.4302529
417,Государственное бюджетное образовательное учреждение города Москвы гимназия № 1536,96,70,34,55.680101,37.539208
418,Государственное бюджетное общеобразовательное учреждение города Москвы «Гимназия № 1516»,91,79,51,55.8168003,37.8318091
420,Государственное бюджетное общеобразовательное учреждение города Москвы «Школа № 2129» имени Героя Советского Союза П.И. Романова,169,60,21,55.700207,37.682862
421,Государственное бюджетное общеобразовательное учреждение города Москвы «Гимназия № 1505 «Московская городская педагогическая гимназия-лаборатория»,111,85,46,55.7955879,37.7286601
422,Государственное бюджетное общеобразовательное учреждение города Москвы «Школа с углубленным изучением немецкого языка № 1249»,52,38,26,55.801332,37.519228
423,Государственное бюджетное общеобразовательное учреждение города Москвы «Центр образования «Бескудниковский»,106,42,15,55.871856,37.5422269
424,Государственное бюджетное общеобразовательное учреждение города Москвы «Школа № 814»,136,88,32,55.7067033,37.4748604
425,Государственное бюджетное общеобразовательное учреждение города Москвы «Центр образования № 1678 «Восточное Дегунино»,77,33,7,55.8914376,37.5625491
426,Государственное бюджетное образовательное учреждение города Москвы центр образования № 57 «Пятьдесят седьмая школа»,114,108,94,55.7486839,37.6049835
427,Государственное бюджетное образовательное учреждение города Москвы гимназия № 1558 имени Росалии де Кастро,82,62,28,55.868217,37.654085
428,Государственное бюджетное общеобразовательное учреждение города Москвы «Школа № 920»,62,30,10,55.747115,37.778313
429,Государственное бюджетное общеобразовательное учреждение города Москвы «Школа № 718»,53,39,11,55.9933559,37.1932824
430,Государственное автономное общеобразовательное учреждение города Москвы «Школа с углубленным изучением отдельных предметов «ШИК 16»,21,17,11,55.825015,37.643709
431,Государственное бюджетное общеобразовательное учреждение города Москвы «Гимназия № 1290»,115,73,41,55.793763,37.793144
432,Государственное бюджетное общеобразовательное учреждение города Москвы «Гимназия № 1590 имени Героя Советского Союза В.В. Колесника»,150,49,17,55.862402,37.50254
433,Государственное бюджетное образовательное учреждение города Москвы средняя общеобразовательная школа № 664,58,15,2,55.8196453,37.8666661
434,Государственное бюджетное профессиональное образовательное учреждение города Москвы «Технологический колледж № 34»,34,2,0,55.680255,37.6304601
435,Государственное бюджетное общеобразовательное учреждение города Москвы «Школа № 2095 «Покровский квартал»,732,528,383,55.760413,37.655576
436,Государственное бюджетное общеобразовательное учреждение города Москвы «Школа № 777 имени Героя Советского Союза Е.В. Михайлова»,119,38,14,55.7253202,37.7687538
437,Государственное бюджетное общеобразовательное учреждение города Москвы «Школа с углубленным изучением информационных технологий № 1368»,143,49,15,55.5332794,37.5027883
438,Государственное казенное общеобразовательное учреждение города Москвы «Кадетская школа-интернат № 1 «Первый Московский кадетский корпус»,40,30,8,55.8149182,37.559051
439,Государственное бюджетное общеобразовательное учреждение города Москвы «Школа № 2128 «Энергия»,119,39,9,55.7362693,37.8514709
440,Государственное бюджетное общеобразовательное учреждение города Москвы «Школа № 149»,21,12,2,55.80589,37.500272
441,Государственное бюджетное общеобразовательное учреждение города Москвы «Школа № 656 имени А.С. Макаренко»,134,41,13,55.870858,37.552806
442,Государственное бюджетное общеобразовательное учреждение города Москвы «Школа № 913 имени Героя Советского Союза С.Ф. Шутова»,27,11,6,55.674361,37.809828
443,Государственное бюджетное общеобразовательное учреждение города Москвы «Школа № 1996»,76,26,3,55.874388,37.5192281
444,Государственное бюджетное общеобразовательное учреждение города Москвы «Школа № 1861 «Загорье»,135,52,22,55.577999,37.680383
445,Государственное бюджетное общеобразовательное учреждение города Москвы «Школа № 15»,115,94,46,55.722263,37.579479
446,Государственное бюджетное общеобразовательное учреждение города Москвы «Школа с углубленным изучением предметов социального профиля № 1386»,25,13,6,55.7182489,37.7457029
447,Государственное бюджетное общеобразовательное учреждение города Москвы «Школа с углубленным изучением английского языка № 1352»,236,105,46,55.8128051,37.8080907
448,Государственное бюджетное общеобразовательное учреждение города Москвы «Школа № 480 им. В.В.Талалихина»,108,35,14,55.7353258,37.6846493
449,Государственное бюджетное общеобразовательное учреждение города Москвы «Центр образования № 1449 имени Героя Советского Союза М.В. Водопьянова»,77,44,22,55.894871,37.569741
450,Государственное автономное общеобразовательное учреждение города Москвы «Центр образования № 548 «Царицыно»,390,207,107,55.602385,37.738063
451,Государственное бюджетное общеобразовательное учреждение города Москвы «Гимназия «Свиблово»,268,128,56,55.853712,37.6588629
452,Государственное бюджетное общеобразовательное учреждение города Москвы «Гимназия № 1538»,147,118,60,55.839269,37.382315
453,Государственное бюджетное общеобразовательное учреждение города Москвы «Школа № 281»,99,35,2,55.8595537,37.6683053
454,Государственное бюджетное общеобразовательное учреждение города Москвы «Инженерно-техническая школа имени дважды Героя Советского Союза П.Р. Поповича»,127,47,11,55.8059182,37.5482798
455,Государственное бюджетное общеобразовательное учреждение города Москвы «Школа № 904»,128,63,16,55.6335051,37.6654718
456,Государственное бюджетное общеобразовательное учреждение города Москвы «Гимназия № 1619 имени М.И. Цветаевой»,116,58,19,55.798451,37.3986189
457,Государственное бюджетное общеобразовательное учреждение города Москвы «Гимназия № 1551»,100,84,43,55.846662,37.456028
458,Государственное бюджетное образовательное учреждение города Москвы гимназия № 1530 «Школа Ломоносова»,181,109,50,55.7934708,37.6845319
459,Государственное бюджетное образовательное учреждение города Москвы центр образования «Школа здоровья» № 1679,58,28,10,55.827709,37.519362
460,Государственное бюджетное образовательное учреждение города Москвы средняя общеобразовательная школа № 654 имени А.Д. Фридмана,179,137,83,55.7007653,37.7446746
461,Государственное бюджетное общеобразовательное учреждение города Москвы «Измайловская гимназия № 1508»,87,72,46,55.793679,37.795668
462,Государственное бюджетное общеобразовательное учреждение города Москвы «Школа с углубленным изучением немецкого языка № 1269»,172,57,28,55.755038,37.786303
463,Государственное казенное общеобразовательное учреждение города Москвы «Специальная (коррекционная) общеобразовательная школа-интернат № 52»,13,7,3,55.809968,37.5353
464,Государственное бюджетное общеобразовательное учреждение города Москвы «Школа № 356 имени Н.З. Коляды»,92,16,6,55.808343,37.814711
465,Государственное бюджетное общеобразовательное учреждение города Москвы «Многопрофильный образовательный комплекс «Кузьминки»,51,41,16,55.700646,37.7747461
466,Государственное бюджетное общеобразовательное учреждение города Москвы «Школа № 69 имени Б.Ш. Окуджавы»,107,30,5,55.8162259,37.3987353
467,Государственное бюджетное профессиональное образовательное учреждение города Москвы «Политехнический техникум № 2»,33,4,1,55.838531,37.454017
468,Государственное бюджетное общеобразовательное учреждение города Москвы «Школа № 1190»,56,24,6,55.8473083,37.3646465
469,Государственное бюджетное общеобразовательное учреждение города Москвы «Московский культурологический лицей № 1310»,94,61,29,55.743237,37.782115
470,Государственное бюджетное общеобразовательное учреждение города Москвы «Школа № 2127»,137,104,36,55.737782,37.863315
471,Государственное бюджетное общеобразовательное учреждение города Москвы «Лицей № 1550»,133,92,44,55.714722,37.7521071
472,Государственное бюджетное образовательное учреждение города Москвы средняя общеобразовательная школа с углубленным изучением отдельных предметов № 1950,123,104,70,55.766279,37.584689
473,Государственное бюджетное общеобразовательное учреждение города Москвы «Школа с углубленным изучением французского языка № 1251 имени генерала Шарля де Голля»,163,83,40,55.7964776,37.5049264
474,Государственное бюджетное общеобразовательное учреждение города Москвы «Школа № 64»,43,22,10,55.736933,37.414149
475,Государственное бюджетное общеобразовательное учреждение города Москвы «Гимназия № 1542»,318,138,72,55.6559042,37.3872025
476,Государственное бюджетное профессиональное образовательное учреждение города Москвы «Технологический колледж № 21»,39,12,3,55.824451,37.775979
478,Государственное бюджетное общеобразовательное учреждение города Москвы «Школа с углубленным изучением иностранных языков № 1220»,95,39,15,55.817294,37.621402
479,Государственное бюджетное общеобразовательное учреждение города Москвы «Школа № 158»,66,19,6,55.8681,37.468672
480,Государственное автономное профессиональное образовательное учреждение города Москвы «Московский образовательный комплекс имени Виктора Талалихина»,112,25,4,55.7473811,37.7214396
481,Государственное бюджетное общеобразовательное учреждение города Москвы «Школа № 2012 «Миротворец»,42,26,9,55.666909,37.777976
482,Государственное бюджетное общеобразовательное учреждение города Москвы «Школа с углубленным изучением математики и информатики № 7»,71,47,22,55.683407,37.524063
483,Государственное бюджетное общеобразовательное учреждение города Москвы «Школа № 687»,59,26,3,55.7013017,37.7409554
484,Государственное бюджетное общеобразовательное учреждение города Москвы «Центр образования № 1858»,143,42,12,55.6301936,37.7971477
485,Государственное бюджетное общеобразовательное учреждение города Москвы «Гимназия № 1797 «Богородская»,155,82,28,55.807103,37.708649
486,Государственное бюджетное общеобразовательное учреждение города Москвы «Школа № 705»,89,43,11,55.8024873,37.3944335
487,Государственное бюджетное общеобразовательное учреждение города Москвы «Школа с углубленным изучением английского языка № 1411»,258,103,29,55.8667986,37.6013277
489,Государственное бюджетное общеобразовательное учреждение города Москвы «Школа № 1499 имени Героя Советского Союза Ивана Архиповича Докукина»,173,64,22,55.83556,37.660556
490,Государственное бюджетное общеобразовательное учреждение города Москвы «Школа с углубленным изучением английского языка № 1353 имени генерала Д.Ф. Алексеева»,71,57,30,55.9949428,37.2026752
491,Государственное бюджетное общеобразовательное учреждение города Москвы «Школа № 1101»,117,90,33,55.6334094,37.4777268
492,Государственное бюджетное общеобразовательное учреждение города Москвы «Лицей № 1561»,110,78,34,55.600103,37.533225
493,Государственное бюджетное общеобразовательное учреждение города Москвы «Школа № 1434 «Раменки»,93,71,33,55.690714,37.499412
494,Государственное бюджетное общеобразовательное учреждение города Москвы «Школа № 166»,105,22,8,55.903577,37.583966
495,Государственное бюджетное общеобразовательное учреждение города Москвы «Школа № 1194»,113,81,29,55.979975,37.153748
496,Государственное бюджетное общеобразовательное учреждение города Москвы «Школа с углубленным изучением английского языка № 1282»,110,64,33,55.789802,37.684714
497,Государственное бюджетное общеобразовательное учреждение города Москвы «Гимназия № 710 им. Народного учителя СССР В.К. Жудова»,347,209,102,55.74035,37.545149
498,Государственное бюджетное общеобразовательное учреждение города Москвы «Гимназия № 1579»,100,46,29,55.646042,37.6633694
499,Государственное бюджетное общеобразовательное учреждение города Москвы «Центр образования № 1602»,35,24,10,55.703608,37.864802
500,Государственное бюджетное общеобразовательное учреждение города Москвы «Школа № 2100»,100,47,12,55.867463,37.529427
501,Государственное бюджетное общеобразовательное учреждение города Москвы «Школа с углубленным изучением английского языка № 1273»,151,80,44,55.629233,37.52202
502,Государственное бюджетное общеобразовательное учреждение города Москвы «Гимназия № 1786»,34,21,9,55.534582,37.4959
503,Государственное бюджетное общеобразовательное учреждение города Москвы «Школа № 2090»,110,68,26,55.713462,37.7876509
504,Государственное бюджетное общеобразовательное учреждение города Москвы «Школа № 854»,91,38,9,55.9969278,37.2504811
505,Государственное бюджетное общеобразовательное учреждение города Москвы «Лицей № 1502 при МЭИ»,292,280,177,55.760521,37.830294
506,Государственное бюджетное общеобразовательное учреждение города Москвы «Школа с углубленным изучением экономики и информатики № 1355»,119,52,24,55.540574,37.577848
507,Государственное бюджетное общеобразовательное учреждение города Москвы «Школа № 2094»,153,40,7,55.801766,37.790545
508,Государственное бюджетное общеобразовательное учреждение города Москвы «Школа № 744 имени Петра Николаевича Еремеева»,24,10,1,55.831416,37.505422
509,Государственное бюджетное общеобразовательное учреждение города Москвы «Школа № 97»,108,33,10,55.718537,37.456595
510,Государственное бюджетное общеобразовательное учреждение города Москвы «Вешняковская лингвистическая гимназия № 1389»,54,38,15,55.7426977,37.8254028
511,Государственное бюджетное общеобразовательное учреждение города Москвы «Школа с углубленным изучением английского языка № 1354»,159,110,50,55.5481052,37.5638307
512,Государственное бюджетное общеобразовательное учреждение города Москвы «Школа № 609»,71,34,9,55.6631274,37.5318021
513,Государственное бюджетное общеобразовательное учреждение города Москвы «Школа № 58»,27,15,9,55.67764,37.538794
514,Государственное бюджетное общеобразовательное учреждение города Москвы «Гимназия № 1503»,79,61,34,55.818456,37.662277
515,Государственное бюджетное общеобразовательное учреждение города Москвы «Гимназия № 1540»,79,63,33,55.785234,37.596563
516,Государственное бюджетное общеобразовательное учреждение города Москвы «Лицей № 1586»,95,66,24,55.709262,37.513534
517,Государственное бюджетное общеобразовательное учреждение города Москвы «Школа № 463 имени Героя Советского Союза Д.Н.Медведева»,30,27,15,55.6792006,37.6718916
518,Государственное бюджетное общеобразовательное учреждение города Москвы «Школа с углубленным изучением английского языка № 1413»,159,64,18,55.897196,37.616118
519,Государственное бюджетное общеобразовательное учреждение города Москвы «Школа с углублённым изучением иностранных языков № 1900»,155,65,27,55.843278,37.360437
520,Государственное бюджетное общеобразовательное учреждение города Москвы «Школа № 1114»,106,23,6,55.7646419,37.4909617
521,Государственное бюджетное образовательное учреждение города Москвы Лингвистический лицей № 1555,71,68,64,55.737221,37.598205
522,Государственное бюджетное образовательное учреждение города Москвы кадетская школа № 1785 «Таганский кадетский корпус»,48,11,1,55.7358968,37.6918737
523,Государственное бюджетное общеобразовательное учреждение города Москвы «Школа № 2000»,56,44,14,55.704737,37.577899
524,Государственное автономное профессиональное образовательное учреждение города Москвы «Технологический колледж № 24»,7,0,0,55.8042742,37.8308491
525,Государственное бюджетное общеобразовательное учреждение города Москвы «Гимназия № 1528»,286,103,47,55.976277,37.190763
526,Государственное бюджетное общеобразовательное учреждение города Москвы «Школа № 2009»,342,144,53,55.540895,37.518906
527,Государственное бюджетное общеобразовательное учреждение города Москвы «Школа № 1106»,158,78,36,55.5921781,37.5403343
528,Государственное бюджетное общеобразовательное учреждение города Москвы «Гимназия № 1799 «Экополис»,71,39,11,55.801247,37.718238
529,Государственное бюджетное общеобразовательное учреждение города Москвы «Школа № 2016»,120,59,28,55.722263,37.579479
530,Государственное бюджетное общеобразовательное учреждение города Москвы «Школа № 887»,112,80,21,55.739979,37.4203
531,Государственное бюджетное общеобразовательное учреждение города Москвы «Школа № 554»,61,38,11,55.654016,37.5808111
532,Государственное бюджетное общеобразовательное учреждение города Москвы «Школа с углубленным изучением иностранных языков № 1412»,69,48,26,55.890863,37.601338
533,Государственное бюджетное общеобразовательное учреждение города Москвы «Школа № 2025»,98,51,10,55.6741133,37.4545899
534,Государственное бюджетное общеобразовательное учреждение города Москвы «Школа № 851»,99,25,3,55.6278961,37.6066626
535,Государственное бюджетное общеобразовательное учреждение города Москвы «Школа с углубленным изучением английского языка № 1370»,156,97,30,55.88127,37.593157
536,Государственное бюджетное общеобразовательное учреждение города Москвы «Школа с углубленным изучением отдельных предметов № 1363»,376,160,79,55.707564,37.823495
537,Государственное бюджетное общеобразовательное учреждение города Москвы «Лицей № 1574»,235,151,90,55.7798804,37.597012
538,Государственное бюджетное общеобразовательное учреждение города Москвы «Школа № 338»,16,5,0,55.675001,37.741342
539,Государственное бюджетное общеобразовательное учреждение города Москвы «Кадетская школа № 1702 «Петровский кадетский корпус»,55,9,1,55.864678,37.515182
540,Государственное бюджетное общеобразовательное учреждение города Москвы «Школа № 1179»,76,21,7,55.638127,37.609144
541,Государственное бюджетное общеобразовательное учреждение города Москвы «Школа с углубленным изучением отдельных предметов № 1393 «Школа РОСТ»,108,20,5,55.697784,37.820168
542,Государственное бюджетное общеобразовательное учреждение города Москвы «Школа № 1076»,19,4,0,55.8134301,37.8184283
543,Государственное бюджетное общеобразовательное учреждение города Москвы «Гимназия № 1798 «Феникс»,130,48,21,55.752668,37.813314
544,Государственное бюджетное общеобразовательное учреждение города Москвы «Школа № 962»,358,160,66,55.859731,37.592443
545,Государственное бюджетное общеобразовательное учреждение города Москвы «Школа № 49»,273,82,33,55.643528,37.534261
546,Государственное бюджетное общеобразовательное учреждение города Москвы «Школа с углубленным изучением английского языка № 1279»,153,91,43,55.6614485,37.5941735
547,Государственное бюджетное общеобразовательное учреждение города Москвы «Школа № 1159»,90,28,5,55.859176,37.523265
548,Государственное бюджетное общеобразовательное учреждение города Москвы «Школа с углубленным изучением английского языка № 1371»,51,40,19,55.762275,37.41147
549,Государственное бюджетное образовательное учреждение города Москвы средняя общеобразовательная школа с углубленным изучением английского языка № 1415,50,45,31,55.824738,37.624527
550,Государственное бюджетное общеобразовательное учреждение города Москвы «Гимназия № 1527»,79,49,36,55.682582,37.668615
551,Государственное бюджетное общеобразовательное учреждение города Москвы «Школа с углубленным изучением английского языка № 1362»,64,33,11,55.785066,37.7379681
552,Государственное бюджетное общеобразовательное учреждение города Москвы «Центр образования № 1816»,29,24,19,55.737962,37.495494
553,Государственное казенное общеобразовательное учреждение города Москвы «Кадетская школа-интернат № 5 «Преображенский кадетский корпус»,38,25,4,55.825604,37.709344
554,Государственное бюджетное общеобразовательное учреждение города Москвы «Лицей информационных технологий № 1537»,139,83,46,55.87437,37.71927
555,Государственное бюджетное общеобразовательное учреждение города Москвы «Школа № 1692»,99,33,6,55.9874685,37.1748936
556,Государственное бюджетное образовательное учреждение города Москвы средняя общеобразовательная школа № 400,26,16,5,55.773209,37.8357249
557,Государственное бюджетное образовательное учреждение города Москвы средняя общеобразовательная школа № 2051 «Педагогический комплекс»,33,17,5,55.702062,37.91879
558,Государственное бюджетное общеобразовательное учреждение города Москвы «Школа № 572 «Возможности»,40,21,4,55.678865,37.769408
559,Государственное бюджетное общеобразовательное учреждение города Москвы «Школа № 852»,81,21,4,55.9969278,37.2504811
560,Государственное бюджетное общеобразовательное учреждение города Москвы «Школа № 1468»,396,134,60,55.734956,37.672354
561,Государственное бюджетное общеобразовательное учреждение города Москвы «Гимназия № 625»,63,47,14,55.6876502,37.592066
562,Государственное бюджетное общеобразовательное учреждение города Москвы «Лицей № 1575»,170,135,90,55.8048892,37.5318778
563,Государственное бюджетное общеобразовательное учреждение города Москвы «Школа с углубленным изучением отдельных предметов № 1366»,44,33,18,55.682552,37.926357
564,Государственное бюджетное общеобразовательное учреждение города Москвы «Школа № 1174»,18,7,1,55.563507,37.576043
565,Государственное бюджетное общеобразовательное учреждение города Москвы «Школа с углубленным изучением иностранных языков № 1288 имени Героя Советского Союза Н.В. Троян»,172,88,42,55.7737324,37.542075
566,Государственное бюджетное общеобразовательное учреждение города Москвы «Школа с углубленным изучением иностранного языка и информационных технологий № 1347»,205,75,25,55.657983,37.406377
567,Государственное бюджетное общеобразовательное учреждение города Москвы «Школа № 329»,135,39,6,55.71874,37.792924
568,Государственное бюджетное общеобразовательное учреждение города Москвы «Школа № 1726»,50,31,14,55.745096,37.545025
569,Государственное бюджетное общеобразовательное учреждение города Москвы «Школа № 2055 имени Героев Советского Союза Анатолия Живова и Юрия Костикова»,61,25,6,55.7589536,37.5365409
570,Государственное бюджетное общеобразовательное учреждение города Москвы «Лицей № 1451»,104,51,14,55.7186815,37.6166913
571,Государственное бюджетное образовательное учреждение города Москвы средняя общеобразовательная школа № 113,88,60,25,55.637548,37.516881
572,Государственное бюджетное образовательное учреждение города Москвы средняя общеобразовательная школа № 2107,219,79,43,55.7876312,37.6302177
573,Государственное бюджетное общеобразовательное учреждение города Москвы «Школа № 293 имени А.Т. Твардовского»,106,47,19,55.81754,37.640325
574,Государственное бюджетное общеобразовательное учреждение города Москвы «Школа № 224»,62,45,24,55.837807,37.484341
575,Государственное бюджетное общеобразовательное учреждение города Москвы «Школа с углубленным изучением экологии № 446»,75,12,2,55.783383,37.706537
576,Государственное бюджетное общеобразовательное учреждение города Москвы «Школа № 1981»,171,67,19,55.722263,37.579479
577,Государственное бюджетное образовательное учреждение города Москвы средняя общеобразовательная школа № 1694 «Ясенево»,70,42,11,55.612781,37.5446427
578,Государственное бюджетное общеобразовательное учреждение города Москвы «Школа № 827»,69,53,19,55.855061,37.413361
579,Государственное бюджетное общеобразовательное учреждение города Москвы «Школа с углубленным изучением иностранного (английского) языка № 1245»,98,72,40,55.599573,37.593975
580,Государственное бюджетное общеобразовательное учреждение города Москвы «Школа «Многопрофильный комплекс Бибирево»,207,51,10,55.889659,37.6102021
581,Государственное бюджетное общеобразовательное учреждение города Москвы «Гимназия № 1257»,70,41,35,55.714053,37.626636
582,Государственное бюджетное общеобразовательное учреждение города Москвы «Школа с углубленным изучением английского языка № 1246»,110,37,18,55.829103,37.761228
583,Государственное бюджетное общеобразовательное учреждение города Москвы «Гимназия № 1274 имени В.В.Маяковского»,101,71,34,55.723411,37.671684
584,Государственное бюджетное общеобразовательное учреждение города Москвы «Школа с углубленным изучением отдельных предметов № 1973»,117,47,23,55.680629,37.484537
585,Государственное бюджетное общеобразовательное учреждение города Москвы «Гимназия № 1519»,96,84,57,55.806679,37.413554
586,Государственное бюджетное общеобразовательное учреждение города Москвы «Школа № 806»,88,36,7,55.7323022,37.4234371
587,"Государственное бюджетное профессиональное образовательное учреждение города Москвы «Колледж Архитектуры, Дизайна и Реинжиниринга № 26»",112,7,2,55.7570345,37.6976385
588,Государственное бюджетное общеобразовательное учреждение города Москвы «Школа № 1018»,55,46,22,55.641131,37.350518
589,Государственное бюджетное общеобразовательное учреждение города Москвы «Школа № 2088 «Грайвороново»,66,33,4,55.7172139,37.735355
590,Государственное бюджетное общеобразовательное учреждение города Москвы «Гимназия № 1591»,109,85,34,55.741817,37.872104
591,Государственное бюджетное общеобразовательное учреждение города Москвы «Школа № 171»,233,163,107,55.722263,37.579479
592,Государственное бюджетное общеобразовательное учреждение города Москвы «Школа № 975»,32,11,2,55.639899,37.774065
593,Государственное бюджетное общеобразовательное учреждение города Москвы «Школа № 1465 имени адмирала Н.Г. Кузнецова»,137,35,7,55.745203,37.55999
594,Государственное бюджетное общеобразовательное учреждение города Москвы «Школа № 648»,104,42,19,55.855564,37.501584
595,Государственное бюджетное общеобразовательное учреждение города Москвы «Школа № 1784 «Кадетская школа имени генерала армии В.А. Матросова»,42,11,1,55.780319,37.5683689
596,Государственное бюджетное общеобразовательное учреждение города Москвы «Школа № 896»,91,18,5,55.608327,37.73696
597,Государственное бюджетное общеобразовательное учреждение города Москвы «Многопрофильный лицей № 1501»,342,276,151,55.787454,37.595451
598,Государственное бюджетное общеобразовательное учреждение города Москвы «Школа № 2086»,284,212,110,55.695355,37.5486899
599,Государственное бюджетное общеобразовательное учреждение города Москвы «Школа с углубленным изучением английского языка № 1250»,46,27,15,55.829532,37.48508
600,Государственное бюджетное общеобразовательное учреждение города Москвы «Школа с углубленным изучением английского языка № 1315»,84,50,27,55.845919,37.481117
601,Государственное бюджетное общеобразовательное учреждение города Москвы «Школа № 597 «Новое поколение»,39,27,16,55.8653065,37.4865425
602,Государственное бюджетное общеобразовательное учреждение города Москвы средняя общеобразовательная школа № 1852,95,35,7,55.755018,37.780713
603,Государственное бюджетное общеобразовательное учреждение города Москвы «Гимназия № 1748 «Вертикаль»,132,62,24,55.804886,37.82782
604,Государственное бюджетное общеобразовательное учреждение города Москвы «Гимназия № 1515»,83,60,35,55.7805847,37.4773833
605,Государственное бюджетное общеобразовательное учреждение города Москвы «Школа с углубленным изучением английского языка № 1206»,79,51,29,55.615234,37.53295
606,Государственное бюджетное образовательное учреждение города Москвы гимназия № 1595,27,19,9,55.6881966,37.923229
607,Государственное бюджетное общеобразовательное учреждение города Москвы «Школа № 518»,39,29,9,55.7436717,37.6370953
608,Государственное бюджетное общеобразовательное учреждение города Москвы «Школа № 170 имени А.П.Чехова»,265,86,35,55.6500415,37.5251073
609,Государственное бюджетное общеобразовательное учреждение города Москвы «Школа № 2036»,187,60,28,55.709876,37.884806
610,Государственное бюджетное общеобразовательное учреждение города Москвы «Школа № 1164»,71,18,10,55.7973324,37.5743071
611,Государственное бюджетное образовательное учреждение города Москвы средняя общеобразовательная школа с углубленным изучением иностранного языка № 1232,99,47,24,55.743085,37.538887
612,Государственное бюджетное образовательное учреждение высшего образования города Москвы «Московский городской педагогический университет»,67,21,4,55.8403272,37.5746182
613,Государственное бюджетное общеобразовательное учреждение города Москвы «Школа № 1862»,174,102,46,55.646397,37.614372
614,Государственное бюджетное общеобразовательное учреждение города Москвы «Школа № 362»,21,8,3,55.813685,37.7287453
615,Государственное бюджетное общеобразовательное учреждение города Москвы «Школа № 1998 «Лукоморье»,47,14,4,55.634461,37.742384
616,Государственное бюджетное образовательное учреждение города Москвы средняя общеобразовательная школа № 1436,39,24,8,55.895168,37.628421
617,Государственное бюджетное общеобразовательное учреждение города Москвы «Школа с углубленным изучением иностранного (английского) языка № 1241»,51,37,17,55.75999,37.563851
618,Государственное бюджетное общеобразовательное учреждение города Москвы «Школа с углубленным изучением английского языка № 1383»,90,33,8,55.857833,37.566059
619,Государственное бюджетное общеобразовательное учреждение города Москвы «Школа с углубленным изучением отдельных предметов № 978»,74,33,9,55.6816349,37.6439198
620,Государственное бюджетное общеобразовательное учреждение города Москвы «Школа на Яузе»,140,62,25,55.772909,37.691583
621,Государственное бюджетное общеобразовательное учреждение города Москвы «Школа с углубленным изучением английского языка № 1238»,116,46,21,55.646411,37.349111
622,Государственное бюджетное общеобразовательное учреждение города Москвы «Школа с углубленным изучением английского языка № 1210»,81,45,29,55.800131,37.457263
623,Государственное бюджетное общеобразовательное учреждение города Москвы «Школа № 1034»,135,53,25,55.631806,37.759033
624,Государственное бюджетное общеобразовательное учреждение города Москвы «Школа № 875»,80,45,18,55.664355,37.491596
625,Государственное бюджетное общеобразовательное учреждение города Москвы «Школа № 118»,58,38,13,55.684039,37.536614
